{"cameraMode":{"drawMode":0,"name":"Shaded","section":"Shading Mode"},"sceneLighting":false,"audioPlay":false,"sceneViewState":{"m_AlwaysRefresh":false,"showFog":true,"showSkybox":true,"showFlares":true,"showImageEffects":true,"showParticleSystems":true,"showVisualEffectGraphs":true,"m_FxEnabled":true},"in2DMode":false,"pivot":{"x":-21.57345962524414,"y":19.313579559326173,"z":-260.5131530761719},"rotation":{"x":-0.14065368473529817,"y":0.05106065794825554,"z":-0.007261858321726322,"w":-0.9887247085571289},"size":22.040061950683595,"orthographic":false}