{"cameraMode":{"drawMode":0,"name":"Shaded","section":"Shading Mode"},"sceneLighting":false,"audioPlay":false,"sceneViewState":{"m_AlwaysRefresh":false,"showFog":true,"showSkybox":false,"showFlares":true,"showImageEffects":true,"showParticleSystems":true,"showVisualEffectGraphs":true,"m_FxEnabled":false},"in2DMode":false,"pivot":{"x":-17.172170639038087,"y":74.57483673095703,"z":-13.803352355957032},"rotation":{"x":0.0006394286756403744,"y":-0.999303936958313,"z":0.03749838471412659,"w":0.025429900735616685},"size":1.6557432413101197,"orthographic":false}