{"cameraMode":{"drawMode":0,"name":"Shaded","section":"Shading Mode"},"sceneLighting":false,"audioPlay":false,"sceneViewState":{"m_AlwaysRefresh":false,"showFog":true,"showSkybox":true,"showFlares":true,"showImageEffects":true,"showParticleSystems":true,"showVisualEffectGraphs":true,"m_FxEnabled":true},"in2DMode":false,"pivot":{"x":8.328300476074219,"y":11.847916603088379,"z":-255.90805053710938},"rotation":{"x":-0.08219879120588303,"y":-0.0671318843960762,"z":0.008580277673900128,"w":-0.996617317199707},"size":25.476943969726564,"orthographic":false}