{"cameraMode":{"drawMode":0,"name":"Shaded","section":"Shading Mode"},"sceneLighting":false,"audioPlay":false,"sceneViewState":{"m_AlwaysRefresh":false,"showFog":false,"showSkybox":false,"showFlares":false,"showImageEffects":false,"showParticleSystems":false,"showVisualEffectGraphs":true,"m_FxEnabled":true},"in2DMode":false,"pivot":{"x":-8.368270874023438,"y":22.584861755371095,"z":-218.02816772460938},"rotation":{"x":0.04978109523653984,"y":0.06054989621043205,"z":-0.0024215870071202518,"w":0.998004674911499},"size":11.238689422607422,"orthographic":false}