{"cameraMode":{"drawMode":0,"name":"Shaded","section":"Shading Mode"},"sceneLighting":false,"audioPlay":false,"sceneViewState":{"m_AlwaysRefresh":false,"showFog":true,"showSkybox":true,"showFlares":true,"showImageEffects":true,"showParticleSystems":true,"showVisualEffectGraphs":true,"m_FxEnabled":true},"in2DMode":false,"pivot":{"x":25.9815673828125,"y":31.646923065185548,"z":-269.0705261230469},"rotation":{"x":0.07638269662857056,"y":0.03213442489504814,"z":-0.0035470586735755207,"w":0.9968525171279907},"size":20.557342529296876,"orthographic":false}