{"cameraMode":{"drawMode":0,"name":"Shaded","section":"Shading Mode"},"sceneLighting":false,"audioPlay":false,"sceneViewState":{"m_AlwaysRefresh":false,"showFog":true,"showSkybox":true,"showFlares":true,"showImageEffects":true,"showParticleSystems":true,"showVisualEffectGraphs":true,"m_FxEnabled":true},"in2DMode":false,"pivot":{"x":14.315885543823243,"y":21.449132919311525,"z":-296.338134765625},"rotation":{"x":-0.061087898910045627,"y":-0.6914390921592712,"z":0.061924636363983157,"w":-0.7181198596954346},"size":15.036301612854004,"orthographic":false}